,precision,recall,f1-score,support
Healthy,1.0,0.7777777777777778,0.875,9.0
Malnourished,0.8888888888888888,1.0,0.9411764705882353,16.0
accuracy,0.92,0.92,0.92,0.92
macro avg,0.9444444444444444,0.8888888888888888,0.9080882352941176,25.0
weighted avg,0.9288888888888889,0.92,0.9173529411764706,25.0
