{
    "train_loss": [
        0.6672671027481556,
        0.24534404091537,
        0.17111188638955355,
        0.0345442557008937,
        0.04041315882932395,
        0.02617757488042116,
        0.2682536754873581,
        0.2561384114669636
    ],
    "train_acc": [
        64.40677966101696,
        94.91525423728814,
        94.91525423728814,
        100.0,
        100.0,
        100.0,
        91.52542372881356,
        94.91525423728814
    ],
    "val_loss": [
        0.4143195040524006,
        0.3734116521663964,
        0.24337974528316408,
        0.3195652653812431,
        0.3967401440022513,
        0.4623736041248776,
        0.3705465905368328,
        0.35949480440467596
    ],
    "val_acc": [
        72.0,
        72.0,
        84.0,
        84.0,
        80.0,
        84.0,
        80.0,
        84.0
    ]
}