{
    "train_loss": [
        0.6784192025661469,
        0.45466502383351326,
        0.3934260942041874,
        0.26408033818006516,
        0.2618248909711838,
        0.24830816127359867,
        0.2791765909641981,
        0.4567364938557148,
        0.39957124181091785,
        0.2926839403808117,
        0.2587375547736883,
        0.33649784326553345
    ],
    "train_acc": [
        54.23728813559322,
        86.44067796610169,
        88.13559322033899,
        96.61016949152543,
        98.30508474576271,
        100.0,
        94.91525423728814,
        83.05084745762711,
        91.52542372881356,
        94.91525423728814,
        96.61016949152543,
        91.52542372881356
    ],
    "val_loss": [
        0.495042085647583,
        0.3719189614057541,
        0.398167185485363,
        0.3945438787341118,
        0.4472779110074043,
        0.45363306999206543,
        0.40545425564050674,
        0.38847479969263077,
        0.3747290372848511,
        0.3788350000977516,
        0.41043850779533386,
        0.41907820105552673
    ],
    "val_acc": [
        72.0,
        88.0,
        88.0,
        88.0,
        92.0,
        92.0,
        88.0,
        88.0,
        92.0,
        92.0,
        88.0,
        88.0
    ],
    "lr": [
        0.0001,
        9.960967771506667e-05,
        9.844486647586725e-05,
        5e-06,
        4.975062532608286e-06,
        4.9007577853555194e-06,
        4.77859838861857e-06,
        4.611071155436394e-06,
        4.4015864571679326e-06,
        4.1544087981659485e-06,
        3.874570002766214e-06,
        3.5677667818546216e-06
    ],
    "overfit_gap": [
        -17.762711864406782,
        -1.5593220338983116,
        0.1355932203389898,
        8.610169491525426,
        6.305084745762713,
        8.0,
        6.9152542372881385,
        -4.949152542372886,
        -0.47457627118643586,
        2.9152542372881385,
        8.610169491525426,
        3.525423728813564
    ]
}